https://www.billgeorge.org/articles/covid-19-vaccines-are-here-but-who-gets-priority/,https://billgeorge.epicenter1.com/article/covid-19-vaccines-are-here-but-who-gets-priority
https://www.billgeorge.org/articles/gratitude/,https://billgeorge.epicenter1.com/article/gratitude
https://www.billgeorge.org/articles/i-voted-for-joe-biden-heres-why/,https://billgeorge.epicenter1.com/article/i-voted-for-joe-biden-heres-why
https://www.billgeorge.org/articles/fortune-we-need-a-g-i-bill-for-frontline-workers-the-heroes-of-covid-19/,https://billgeorge.epicenter1.com/article/fortune-we-need-a-g-i-bill-for-frontline-workers-the-heroes-of-covid-19
https://www.billgeorge.org/articles/reflections-on-july-4-americas-most-patriotic-holiday/,https://billgeorge.epicenter1.com/article/reflections-on-july-4-americas-most-patriotic-holiday
https://www.billgeorge.org/articles/6-pitfalls-in-the-vaccine-race/,https://billgeorge.epicenter1.com/article/6-pitfalls-in-the-vaccine-race
https://www.billgeorge.org/articles/visiting-the-scenes-of-minneapolis-protests/,https://billgeorge.epicenter1.com/article/visiting-the-scenes-of-minneapolis-protests
https://www.billgeorge.org/articles/fortune-a-7-point-plan-to-slow-covid-19-and-restart-the-economy/,https://billgeorge.epicenter1.com/article/fortune-a-7-point-plan-to-slow-covid-19-and-restart-the-economy
https://www.billgeorge.org/articles/fortune-america-is-at-a-tipping-point-heres-how-we-can-recover/,https://billgeorge.epicenter1.com/article/fortune-america-is-at-a-tipping-point-heres-how-we-can-recover
https://www.billgeorge.org/articles/america-at-a-tipping-point-we-must-rediscover-our-true-north/,https://billgeorge.epicenter1.com/article/america-at-a-tipping-point-we-must-rediscover-our-true-north
https://www.billgeorge.org/articles/all-i-know-about-leadership-from-coaching-soccer/,https://billgeorge.epicenter1.com/article/all-i-know-about-leadership-from-coaching-soccer
https://www.billgeorge.org/articles/a-letter-from-minneapolis-pain-outrage-and-a-call-for-moral-leadership/,https://billgeorge.epicenter1.com/article/a-letter-from-minneapolis-pain-outrage-and-a-call-for-moral-leadership
https://www.billgeorge.org/articles/stakeholder-capitalism-is-here-to-stay/,https://billgeorge.epicenter1.com/article/stakeholder-capitalism-is-here-to-stay
https://www.billgeorge.org/articles/usa-today-health-leaders-we-stuck-together-to-stayhome-now-we-can-start-together-to-opensafely/,https://billgeorge.epicenter1.com/article/usa-today-health-leaders-we-stuck-together-to-stayhome-now-we-can-start-together-to-opensafely
https://www.billgeorge.org/articles/from-coronaviruss-front-lines-an-authentic-american-hero/,https://billgeorge.epicenter1.com/article/from-coronaviruss-front-lines-an-authentic-american-hero
https://www.billgeorge.org/articles/fortune-the-coronavirus-crisis-has-accelerated-the-shift-to-stakeholder-capitalism/,https://billgeorge.epicenter1.com/article/fortune-the-coronavirus-crisis-has-accelerated-the-shift-to-stakeholder-capitalism
https://www.billgeorge.org/articles/the-deeper-meaning-of-coronavirus/,https://billgeorge.epicenter1.com/article/the-deeper-meaning-of-coronavirus
https://www.billgeorge.org/articles/covid-19-pandemic-will-change-our-work-and-lives-forever/,https://billgeorge.epicenter1.com/article/covid-19-pandemic-will-change-our-work-and-lives-forever
https://www.billgeorge.org/articles/leading-in-crisis/,https://billgeorge.epicenter1.com/article/leading-in-crisis
https://www.billgeorge.org/articles/fortune-the-coronavirus-pandemic-is-changing-work-forever/,https://billgeorge.epicenter1.com/article/fortune-the-coronavirus-pandemic-is-changing-work-forever
https://www.billgeorge.org/articles/to-beat-covid-19-president-trump-should-issue-national-shelter-in-place-order/,https://billgeorge.epicenter1.com/article/to-beat-covid-19-president-trump-should-issue-national-shelter-in-place-order
https://www.billgeorge.org/articles/hbswk-these-coronavirus-heroes-show-us-how-crisis-leadership-works/,https://billgeorge.epicenter1.com/article/hbswk-these-coronavirus-heroes-show-us-how-crisis-leadership-works
https://www.billgeorge.org/articles/next-great-recession-has-already-begun/,https://billgeorge.epicenter1.com/article/the-next-great-recession-has-already-begun
https://www.billgeorge.org/articles/fortune-inside-xeroxs-audacious-quest-to-buy-much-bigger-rival-hp/,https://billgeorge.epicenter1.com/article/fortune-inside-xeroxs-audacious-quest-to-buy-much-bigger-rival-hp
https://www.billgeorge.org/articles/us-president-faces-triple-threat-crises/,https://billgeorge.epicenter1.com/article/the-u-s-president-faces-a-triple-threat-of-crises
https://www.billgeorge.org/articles/u-s-economic-outlook-under-coronavirus-hinges-on-layoff-decisions/,https://billgeorge.epicenter1.com/article/u-s-economic-outlook-under-coronavirus-hinges-on-layoff-decisions
https://www.billgeorge.org/articles/for-thanksgiving-a-practice-of-gratitude/,https://billgeorge.epicenter1.com/article/for-thanksgiving-a-practice-of-gratitude
https://www.billgeorge.org/articles/goldman-sachs-will-solomons-consumer-gamble-pay-off/,https://billgeorge.epicenter1.com/article/goldman-sachs-will-solomons-consumer-gamble-pay-off
https://www.billgeorge.org/articles/5-million-to-mayo-and-other-choices-in-the-georges-strategic-investment-in-integrative-health/,https://billgeorge.epicenter1.com/article/5-million-to-mayo-and-other-choices-in-the-georges-strategic-investment-in-integrative-health
https://www.billgeorge.org/articles/knocking-down-walls-at-goldman-sachs-can-ceo-david-solomon-get-the-storied-bank-to-grow-again/,https://billgeorge.epicenter1.com/article/knocking-down-walls-at-goldman-sachs-can-ceo-david-solomon-get-the-storied-bank-to-grow-again
https://www.billgeorge.org/articles/truth-transparency-trust-the-3-ts-of-true-north-leaders/,https://billgeorge.epicenter1.com/article/truth-transparency-trust-the-3-ts-of-true-north-leaders
https://www.billgeorge.org/articles/true-north-by-bill-george-selected-as-one-of-25-best-leadership-books-of-all-time/,https://billgeorge.epicenter1.com/article/true-north-by-bill-george-selected-as-one-of-25-best-leadership-books-of-all-time
https://www.billgeorge.org/articles/why-the-era-of-free-trade-may-be-coming-to-an-end/,https://billgeorge.epicenter1.com/article/why-the-era-of-free-trade-may-be-coming-to-an-end
https://www.billgeorge.org/articles/couple-hopes-5-million-mayo-clinic-donation-leads-to-better-care-for-women/,https://billgeorge.epicenter1.com/article/couple-hopes-5-million-mayo-clinic-donation-leads-to-better-care-for-women
https://www.billgeorge.org/articles/fortune-the-fallacy-of-medicare-for-all/,https://billgeorge.epicenter1.com/article/fortune-the-fallacy-of-medicare-for-all
https://www.billgeorge.org/articles/the-united-states-needs-responsible-capitalism/,https://billgeorge.epicenter1.com/article/the-united-states-needs-responsible-capitalism
https://www.billgeorge.org/articles/usa-today-is-jeff-bezos-untouchable-now-that-hes-taking-on-national-enquirer/,https://billgeorge.epicenter1.com/article/usa-today-is-jeff-bezos-untouchable-now-that-hes-taking-on-national-enquirer
https://www.billgeorge.org/articles/fortune-responsible-capitalism-will-be-the-u-s-s-saving-grace/,https://billgeorge.epicenter1.com/article/fortune-responsible-capitalism-will-be-the-u-s-s-saving-grace
https://www.billgeorge.org/articles/fortune-why-it-is-so-hard-to-be-an-authentic-leader/,https://billgeorge.epicenter1.com/article/fortune-why-it-is-so-hard-to-be-an-authentic-leader
https://www.billgeorge.org/articles/fortune-these-are-the-challenges-tech-giants-will-face-in-2019/,https://billgeorge.epicenter1.com/article/fortune-these-are-the-challenges-tech-giants-will-face-in-2019
https://www.billgeorge.org/articles/twin-cities-business-leaders-in-giving-people/,https://billgeorge.epicenter1.com/article/twin-cities-business-leaders-in-giving-people
https://www.billgeorge.org/articles/hbswk-these-4-ceos-created-a-new-standard-of-leadership/,https://billgeorge.epicenter1.com/article/hbswk-these-4-ceos-created-a-new-standard-of-leadership
https://www.billgeorge.org/articles/cnbc-commentary-jj-is-a-company-of-the-highest-integrity-investors-overreact-to-asbestos-report/,https://billgeorge.epicenter1.com/article/cnbc-commentary-jj-is-a-company-of-the-highest-integrity-investors-overreact-to-asbestos-report
https://www.billgeorge.org/articles/cnbc-gsk-pfizer-and-ge-shift-away-from-diversification-in-latest-round-of-health-care-deals/,https://billgeorge.epicenter1.com/article/cnbc-gsk-pfizer-and-ge-shift-away-from-diversification-in-latest-round-of-health-care-deals
https://www.billgeorge.org/articles/integrative-health-philanthropist-earl-bakken-bids-adieu-at-94/,https://billgeorge.epicenter1.com/article/integrative-health-philanthropist-earl-bakken-bids-adieu-at-94
https://www.billgeorge.org/articles/star-tribune-why-earl-bakkens-legacy-will-enhance-minnesota-for-years-to-come/,https://billgeorge.epicenter1.com/article/star-tribune-why-earl-bakkens-legacy-will-enhance-minnesota-for-years-to-come
https://www.billgeorge.org/articles/lead-true-authentic-leadership-rediscovered/,https://billgeorge.epicenter1.com/article/lead-true-authentic-leadership-rediscovered
https://www.billgeorge.org/articles/agenda-bill-takes-aim-at-directors-corporate-governance/,https://billgeorge.epicenter1.com/article/agenda-bill-takes-aim-at-directors-corporate-governance
https://www.billgeorge.org/articles/cnbc-teslas-real-problem-isnt-its-shareholders/,https://billgeorge.epicenter1.com/article/cnbc-teslas-real-problem-isnt-its-shareholders
https://www.billgeorge.org/articles/forbes-discover-your-true-north/,https://billgeorge.epicenter1.com/article/forbes-discover-your-true-north
https://www.billgeorge.org/articles/cnbc-trumps-trade-war-will-raise-prices-for-consumers-and-could-trigger-a-recession/,https://billgeorge.epicenter1.com/article/cnbc-trumps-trade-war-will-raise-prices-for-consumers-and-could-trigger-a-recession
https://www.billgeorge.org/articles/cnbc-senator-elizabeth-warrens-proposal-to-remake-american-capitalism-is-flawed-at-its-core/,https://billgeorge.epicenter1.com/article/cnbc-senator-elizabeth-warrens-proposal-to-remake-american-capitalism-is-flawed-at-its-core
https://www.billgeorge.org/articles/forbes-will-the-real-elon-musk-please-stand-up/,https://billgeorge.epicenter1.com/article/forbes-will-the-real-elon-musk-please-stand-up
https://www.billgeorge.org/articles/cnbc-howard-schultz-is-the-poster-child-democratic-candidate-former-yum-brands-ceo-says/,https://billgeorge.epicenter1.com/article/cnbc-howard-schultz-is-the-poster-child-democratic-candidate-former-yum-brands-ceo-says
https://www.billgeorge.org/articles/cnbc-ford-ceo-hacketts-decision-to-dump-cars-may-prove-fatal/,https://billgeorge.epicenter1.com/article/cnbc-ford-ceo-hacketts-decision-to-dump-cars-may-prove-fatal
https://www.billgeorge.org/articles/cnbc-as-consumer-giants-struggle-unilever-rises-above-the-pack/,https://billgeorge.epicenter1.com/article/cnbc-as-consumer-giants-struggle-unilever-rises-above-the-pack
https://www.billgeorge.org/articles/twin-cities-business-why-are-so-many-prominent-executives-leaving-big-corporations/,https://billgeorge.epicenter1.com/article/twin-cities-business-why-are-so-many-prominent-executives-leaving-big-corporations
https://www.billgeorge.org/articles/hbswk-op-ed-what-mark-zuckerberg-can-learn-about-crisis-leadership-from-starbucks/,https://billgeorge.epicenter1.com/article/hbswk-op-ed-what-mark-zuckerberg-can-learn-about-crisis-leadership-from-starbucks
https://www.billgeorge.org/articles/washington-post-dicks-sporting-goods-took-a-stand-on-gun-sales-and-made-a-big-statement/,https://billgeorge.epicenter1.com/article/washington-post-dicks-sporting-goods-took-a-stand-on-gun-sales-and-made-a-big-statement
https://www.billgeorge.org/articles/hbswk-op-ed-why-blackrock-ceo-larry-fink-is-not-a-socialist/,https://billgeorge.epicenter1.com/article/hbswk-op-ed-why-blackrock-ceo-larry-fink-is-not-a-socialist
https://www.billgeorge.org/articles/mass-device-ex-medtronic-chief-george-ceos-can-do-more-on-gun-control/,https://billgeorge.epicenter1.com/article/mass-device-ex-medtronic-chief-george-ceos-can-do-more-on-gun-control
https://www.billgeorge.org/articles/startribune-a-salute-to-the-mayo-clinics-retiring-servant-leader/,https://billgeorge.epicenter1.com/article/startribune-a-salute-to-the-mayo-clinics-retiring-servant-leader
https://www.billgeorge.org/articles/cnbc-ex-ceo-companies-should-take-a-stand-on-gun-control-sell-if-you-dont-like-it/,https://billgeorge.epicenter1.com/article/cnbc-ex-ceo-companies-should-take-a-stand-on-gun-control-sell-if-you-dont-like-it
https://www.billgeorge.org/articles/pr-week-ccos-not-naysayers-or-wet-blankets-rather-the-conscience-of-the-companies/,https://billgeorge.epicenter1.com/article/pr-week-ccos-not-naysayers-or-wet-blankets-rather-the-conscience-of-the-companies
https://www.billgeorge.org/articles/with-the-world-in-turmoil-discover-serenity-in-your-true-north/,https://billgeorge.epicenter1.com/article/with-the-world-in-turmoil-discover-serenity-in-your-true-north
https://www.billgeorge.org/articles/twin-cities-business-former-medtronic-ceos-nonprofit-donates-2-5m-to-mind-body-soul-center-at-new-mpls-ymca/,https://billgeorge.epicenter1.com/article/twin-cities-business-former-medtronic-ceos-nonprofit-donates-2-5m-to-mind-body-soul-center-at-new-mpls-ymca
https://www.billgeorge.org/articles/meditation-brings-calm-to-ceos/,https://billgeorge.epicenter1.com/article/wsj-meditation-brings-calm-to-ceos
https://www.billgeorge.org/articles/cnbc-innovation-is-key-to-solving-americas-health-care-problems/,https://billgeorge.epicenter1.com/article/cnbc-innovation-is-key-to-solving-americas-health-care-problems
https://www.billgeorge.org/articles/inside-indiana-business-the-characteristic-which-defines-leadership/,https://billgeorge.epicenter1.com/article/inside-indiana-business-the-characteristic-which-defines-leadership
https://www.billgeorge.org/articles/cnbc-the-tragic-history-of-ges-disastrous-decline/,https://billgeorge.epicenter1.com/article/cnbc-the-tragic-history-of-ges-disastrous-decline
https://www.billgeorge.org/articles/cnbc-obamacares-original-sin-is-still-the-biggest-problem-with-us-health-care/,https://billgeorge.epicenter1.com/article/cnbc-obamacares-original-sin-is-still-the-biggest-problem-with-us-health-care
https://www.billgeorge.org/articles/bbj-today-tips-on-leading-effectively-authentically/,https://billgeorge.epicenter1.com/article/bbj-today-tips-on-leading-effectively-authentically
https://www.billgeorge.org/articles/questions-to-help-you-discover-your-true-north-part-vi/,https://billgeorge.epicenter1.com/article/questions-to-help-you-discover-your-true-north-part-vi
https://www.billgeorge.org/articles/daily-mail-top-ceos-reveal-the-four-qualities-you-should-highlight-on-your-cv-to-prove-youre-a-future-leader-and-your-love-of-twitter-is-one-of-them/,https://billgeorge.epicenter1.com/article/daily-mail-top-ceos-reveal-the-four-qualities-you-should-highlight-on-your-cv-to-prove-youre-a-future-leader-and-your-love-of-twitter-is-one-of-them
https://www.billgeorge.org/articles/startribune-mayo-is-putting-patients-first-in-southern-minnesota/,https://billgeorge.epicenter1.com/article/startribune-mayo-is-putting-patients-first-in-southern-minnesota
https://www.billgeorge.org/articles/hbswk-dangers-of-stereotyping-people/,https://billgeorge.epicenter1.com/article/hbswk-dangers-of-stereotyping-people
https://www.billgeorge.org/articles/politicsay-trumps-business-councils-disband-what-it-means/,https://billgeorge.epicenter1.com/article/politicsay-trumps-business-councils-disband-what-it-means
https://www.billgeorge.org/articles/vanity-fair-ceos-agree-to-disagree-on-giving-racists-a-free-pass/,https://billgeorge.epicenter1.com/article/vanity-fair-ceos-agree-to-disagree-on-giving-racists-a-free-pass
https://www.billgeorge.org/articles/wsj-apples-cook-joins-business-leaders-criticizing-trumps-remarks/,https://billgeorge.epicenter1.com/article/wsj-apples-cook-joins-business-leaders-criticizing-trumps-remarks
https://www.billgeorge.org/articles/op-ed-courageous-leader-triggers-a-moral-revolt-of-ceos-against-trump/,https://billgeorge.epicenter1.com/article/hbswk-op-ed-courageous-leader-triggers-a-moral-revolt-of-ceos-against-trump
https://www.billgeorge.org/articles/wa-post-in-trumps-white-house-a-plum-appointment-for-ceos-has-become-a-reputation-risk/,https://billgeorge.epicenter1.com/article/wa-post-in-trumps-white-house-a-plum-appointment-for-ceos-has-become-a-reputation-risk
https://www.billgeorge.org/articles/a-courageous-leader-triggers-a-moral-revolt-among-ceos/,https://billgeorge.epicenter1.com/article/a-courageous-leader-triggers-a-moral-revolt-among-ceos
https://www.billgeorge.org/articles/questions-to-help-you-discover-your-true-north-part-v/,https://billgeorge.epicenter1.com/article/questions-to-help-you-discover-your-true-north-part-v
https://www.billgeorge.org/articles/when-should-ceos-take-public-stands/,https://billgeorge.epicenter1.com/article/when-should-ceos-take-public-stands
https://www.billgeorge.org/articles/cnbc-heres-the-dilemma-for-ges-new-ceo/,https://billgeorge.epicenter1.com/article/cnbc-heres-the-dilemma-for-ges-new-ceo
https://www.billgeorge.org/articles/questions-to-help-you-discover-your-true-north-part-iv/,https://billgeorge.epicenter1.com/article/questions-to-help-you-discover-your-true-north-part-iv
https://www.billgeorge.org/articles/questions-to-help-you-discover-your-true-north-part-iii/,https://billgeorge.epicenter1.com/article/questions-to-help-you-discover-your-true-north-part-iii
https://www.billgeorge.org/articles/hbswk-op-ed-as-america-recedes-from-global-leadership-its-ceos-are-stepping-up/,https://billgeorge.epicenter1.com/article/hbswk-op-ed-as-america-recedes-from-global-leadership-its-ceos-are-stepping-up
https://www.billgeorge.org/articles/questions-to-help-you-discover-your-true-north-part-i/,https://billgeorge.epicenter1.com/article/questions-to-help-you-discover-your-true-north-part-i
https://www.billgeorge.org/articles/questions-to-help-you-discover-your-true-north-part-ii/,https://billgeorge.epicenter1.com/article/questions-to-help-you-discover-your-true-north-part-ii
https://www.billgeorge.org/articles/a-pilgrimage-through-life/,https://billgeorge.epicenter1.com/article/a-pilgrimage-through-life
https://www.billgeorge.org/articles/the-next-ceo-of-uber-heres-who-should-be-on-the-short-list/,https://billgeorge.epicenter1.com/article/the-next-ceo-of-uber-heres-who-should-be-on-the-short-list
https://www.billgeorge.org/articles/cnbc-heres-the-real-loser-in-the-gop-health-care-reform-plan/,https://billgeorge.epicenter1.com/article/cnbc-heres-the-real-loser-in-the-gop-health-care-reform-plan
https://www.billgeorge.org/articles/fortune-what-prince-harrys-grief-over-princess-diana-can-teach-every-leader/,https://billgeorge.epicenter1.com/article/fortune-what-prince-harrys-grief-over-princess-diana-can-teach-every-leader
https://www.billgeorge.org/articles/should-the-wells-fargo-board-be-reelected-to-continue-turnaround/,https://billgeorge.epicenter1.com/article/should-the-wells-fargo-board-be-reelected-to-continue-turnaround
https://www.billgeorge.org/articles/hbs-courage-the-defining-characteristic-of-great-leaders/,https://billgeorge.epicenter1.com/article/hbs-courage-the-defining-characteristic-of-great-leaders
https://www.billgeorge.org/articles/fortune-president-trump-shouldnt-trust-paul-ryan-with-u-s-tax-reform/,https://billgeorge.epicenter1.com/article/fortune-president-trump-shouldnt-trust-paul-ryan-with-u-s-tax-reform
https://www.billgeorge.org/articles/battle-for-the-soul-of-capitalism-part-ii/,https://billgeorge.epicenter1.com/article/battle-for-the-soul-of-capitalism-part-ii
https://www.billgeorge.org/articles/cnbc-ceos-shouldnt-be-afraid-to-stand-up-to-trump/,https://billgeorge.epicenter1.com/article/cnbc-ceos-shouldnt-be-afraid-to-stand-up-to-trump
https://www.billgeorge.org/articles/cnbc-the-battle-for-the-soul-of-capitalism-explained-in-one-hostile-takeover-bid/,https://billgeorge.epicenter1.com/article/cnbc-the-battle-for-the-soul-of-capitalism-explained-in-one-hostile-takeover-bid
https://www.billgeorge.org/articles/postcard-from-davos-the-world-turned-upside-down-by-bill-george/,https://billgeorge.epicenter1.com/article/postcard-from-davos-the-world-turned-upside-down-by-bill-george
https://www.billgeorge.org/articles/a-strategy-for-steady-leadership-in-an-unsteady-world/,https://billgeorge.epicenter1.com/article/a-strategy-for-steady-leadership-in-an-unsteady-world
https://www.billgeorge.org/articles/fortune-heres-what-trump-doesnt-get-about-american-manufacturing/,https://billgeorge.epicenter1.com/article/fortune-heres-what-trump-doesnt-get-about-american-manufacturing
https://www.billgeorge.org/articles/serenity/,https://billgeorge.epicenter1.com/article/serenity
https://www.billgeorge.org/articles/cnbc-the-working-persons-cry-from-the-heart/,https://billgeorge.epicenter1.com/article/cnbc-the-working-persons-cry-from-the-heart
https://www.billgeorge.org/articles/fortune-how-wells-fargo-could-have-saved-its-hard-earned-reputation/,https://billgeorge.epicenter1.com/article/fortune-how-wells-fargo-could-have-saved-its-hard-earned-reputation
https://www.billgeorge.org/articles/why-i-am-endorsing-hillary-clinton-for-president-of-the-united-states/,https://billgeorge.epicenter1.com/article/why-i-am-endorsing-hillary-clinton-for-president-of-the-united-states
https://www.billgeorge.org/articles/fortune-why-ceos-need-to-make-a-better-case-for-free-trade/,https://billgeorge.epicenter1.com/article/fortune-why-ceos-need-to-make-a-better-case-for-free-trade
https://www.billgeorge.org/articles/fortune-5-lessons-business-leaders-can-learn-from-brexit/,https://billgeorge.epicenter1.com/article/fortune-5-lessons-business-leaders-can-learn-from-brexit
https://www.billgeorge.org/articles/hbs-the-truth-about-authentic-leaders/,https://billgeorge.epicenter1.com/article/hbs-the-truth-about-authentic-leaders
https://www.billgeorge.org/articles/lessons-learned-from-uss-soccer-run-in-copa-america/,https://billgeorge.epicenter1.com/article/lessons-learned-from-uss-soccer-run-in-copa-america
https://www.billgeorge.org/articles/fortune-one-of-the-best-ways-to-become-a-top-performing-company/,https://billgeorge.epicenter1.com/article/fortune-one-of-the-best-ways-to-become-a-top-performing-company
https://www.billgeorge.org/articles/startribune-dr-glen-nelson-was-minnesotas-medical-pioneer1/,https://billgeorge.epicenter1.com/article/startribune-dr-glen-nelson-was-minnesotas-medical-pioneer
https://www.billgeorge.org/articles/meet-health-cares-major-spoilers-theranos-valeant-and-turing-pharmaceuticals/,https://billgeorge.epicenter1.com/article/meet-health-cares-major-spoilers-theranos-valeant-and-turing-pharmaceuticals
https://www.billgeorge.org/articles/fortune-whats-your-life-goal-success-or-significance1/,https://billgeorge.epicenter1.com/article/fortune-whats-your-life-goal-success-or-significance
https://www.billgeorge.org/articles/fortune-the-leadership-quality-that-truly-separates-disneys-bob-iger-from-his-peers1/,https://billgeorge.epicenter1.com/article/fortune-the-leadership-quality-that-truly-separates-disneys-bob-iger-from-his-peers
https://www.billgeorge.org/articles/fortune-the-massive-difference-between-negative-and-positive-leadership1/,https://billgeorge.epicenter1.com/article/fortune-the-massive-difference-between-negative-and-positive-leadership
https://www.billgeorge.org/articles/cnbc-time-for-a-shake-up-at-united-airlines/,https://billgeorge.epicenter1.com/article/cnbc-time-for-a-shake-up-at-united-airlines
https://www.billgeorge.org/articles/fortune-have-activist-investors-finally-lost-their-luster/,https://billgeorge.epicenter1.com/article/fortune-have-activist-investors-finally-lost-their-luster
https://www.billgeorge.org/articles/are-our-leaders-losing-their-humility/,https://billgeorge.epicenter1.com/article/are-our-leaders-losing-their-humility
https://www.billgeorge.org/articles/attune-the-role-of-focus-in-authentic-leadership1/,https://billgeorge.epicenter1.com/article/attune-the-role-of-focus-in-authentic-leadership
https://www.billgeorge.org/articles/america-is-in-the-middle-of-a-philanthropic-revolution1/,https://billgeorge.epicenter1.com/article/america-is-in-the-middle-of-a-philanthropic-revolution
https://www.billgeorge.org/articles/cnbc-whats-behind-skyrocketing-drug-prices/,https://billgeorge.epicenter1.com/article/cnbc-whats-behind-skyrocketing-drug-prices
https://www.billgeorge.org/articles/delta-sky-mag-leading-through-giving1/,https://billgeorge.epicenter1.com/article/delta-sky-mag-leading-through-giving
https://www.billgeorge.org/articles/fortune-dow-dupont-raises-even-more-concerns-america-is-abandoning-corporate-research/,https://billgeorge.epicenter1.com/article/fortune-dow-dupont-raises-even-more-concerns-america-is-abandoning-corporate-research
https://www.billgeorge.org/articles/you-wont-make-it-if-you-fake-it1/,https://billgeorge.epicenter1.com/article/you-wont-make-it-if-you-fake-it
https://www.billgeorge.org/articles/observer-culture-warren-bennis-led-by-example/,https://billgeorge.epicenter1.com/article/observer-culture-warren-bennis-led-by-example
https://www.billgeorge.org/articles/5-ways-to-develop-emotionally-intelligent-behavior/,https://billgeorge.epicenter1.com/article/5-ways-to-develop-emotionally-intelligent-behavior
https://www.billgeorge.org/articles/toronto-globe-and-mail-staying-grounded-is-key-to-balancing-life-and-leadership1/,https://billgeorge.epicenter1.com/article/toronto-globe-and-mail-staying-grounded-is-key-to-balancing-life-and-leadership
https://www.billgeorge.org/articles/huffington-post-vulnerability-is-power1/,https://billgeorge.epicenter1.com/article/huffington-post-vulnerability-is-power
https://www.billgeorge.org/articles/huffington-post-mindfulness-is-transforming-leadership/,https://billgeorge.epicenter1.com/article/huffington-post-mindfulness-is-transforming-leadership
https://www.billgeorge.org/articles/harvard-business-school-authentic-leadership-rediscovered1/,https://billgeorge.epicenter1.com/article/harvard-business-school-authentic-leadership-rediscovered
https://www.billgeorge.org/articles/huffington-post-the-worlds-most-innovative-company/,https://billgeorge.epicenter1.com/article/huffington-post-the-worlds-most-innovative-company
https://www.billgeorge.org/articles/smartblogs-the-journey-to-authentic-leadership1/,https://billgeorge.epicenter1.com/article/smartblogs-the-journey-to-authentic-leadership
https://www.billgeorge.org/articles/psychology-today-overcoming-the-loneliness-of-leadership1/,https://billgeorge.epicenter1.com/article/psychology-today-overcoming-the-loneliness-of-leadership
https://www.billgeorge.org/articles/startribune-mayo-plan-to-remake-rochester-slow-to-gather-steam/,https://billgeorge.epicenter1.com/article/startribune-mayo-plan-to-remake-rochester-slow-to-gather-steam
https://www.billgeorge.org/articles/jack-ma-chinas-first-global-leader1/,https://billgeorge.epicenter1.com/article/jack-ma-chinas-first-global-leader
https://www.billgeorge.org/articles/huffington-post-the-surprising-difference-between-careerism-and-leadership-1/,https://billgeorge.epicenter1.com/article/huffington-post-the-surprising-difference-between-careerism-and-leadership
https://www.billgeorge.org/articles/lessons-from-volkswagen-and-other-scandals1/,https://billgeorge.epicenter1.com/article/lessons-from-volkswagen-and-other-scandals
https://www.billgeorge.org/articles/huffington-post-are-you-an-empowering-leader1/,https://billgeorge.epicenter1.com/article/huffington-post-are-you-an-empowering-leader
https://www.billgeorge.org/articles/psychology-today-know-thyself-how-to-develop-self-awareness1/,https://billgeorge.epicenter1.com/article/psychology-today-know-thyself-how-to-develop-self-awareness
https://www.billgeorge.org/articles/huffington-post-why-wall-street-cannot-beat-buffett1/,https://billgeorge.epicenter1.com/article/huffington-post-why-wall-street-cannot-beat-buffett
https://www.billgeorge.org/articles/huffington-post-are-companies-succumbing-to-shareholder-pressures/,https://billgeorge.epicenter1.com/article/huffington-post-are-companies-succumbing-to-shareholder-pressures
https://www.billgeorge.org/articles/huffington-post-why-wall-street-cannot-beat-buffett/,https://billgeorge.epicenter1.com/article/huffington-post-why-wall-street-cannot-beat-buffett
https://www.billgeorge.org/articles/cnbc-are-corporate-ethics-sliding-again1/,https://billgeorge.epicenter1.com/article/cnbc-are-corporate-ethics-sliding-again
https://www.billgeorge.org/articles/huffington-post-your-journey-from-i-to-we/,https://billgeorge.epicenter1.com/article/huffington-post-your-journey-from-i-to-we
https://www.billgeorge.org/articles/huffington-post-self-awareness-key-to-sustainable-leadership1/,https://billgeorge.epicenter1.com/article/huffington-post-self-awareness-key-to-sustainable-leadership
https://www.billgeorge.org/articles/fortune-its-time-for-boomers-to-let-millenials-start-leading-the-way/,https://billgeorge.epicenter1.com/article/fortune-its-time-for-boomers-to-let-millenials-start-leading-the-way
https://www.billgeorge.org/articles/huffington-post-coping-with-crucibles/,https://billgeorge.epicenter1.com/article/huffington-post-coping-with-crucibles
https://www.billgeorge.org/articles/leadership-styles-becoming-an-authentic-leader1/,https://billgeorge.epicenter1.com/article/leadership-styles-becoming-an-authentic-leader
https://www.billgeorge.org/articles/huffington-post-why-leaders-lose-their-way1/,https://billgeorge.epicenter1.com/article/huffington-post-why-leaders-lose-their-way
https://www.billgeorge.org/articles/cnbc-googles-alphabet-move-was-brilliant1/,https://billgeorge.epicenter1.com/article/cnbc-googles-alphabet-move-was-brilliant
https://www.billgeorge.org/articles/huffington-post-for-leadership-do-you-need-a-ladder-or-compass1/,https://billgeorge.epicenter1.com/article/huffington-post-for-leadership-do-you-need-a-ladder-or-compass
https://www.billgeorge.org/articles/trust-essence-of-leadership1/,https://billgeorge.epicenter1.com/article/trust-essence-of-leadership
https://www.billgeorge.org/articles/huffington-post-the-millennials-ready-to-lead-now1/,https://billgeorge.epicenter1.com/article/huffington-post-the-millennials-ready-to-lead-now
https://www.billgeorge.org/articles/huffington-post-introducing-discover-your-true-north/,https://billgeorge.epicenter1.com/article/huffington-post-introducing-discover-your-true-north
https://www.billgeorge.org/articles/huffington-post-the-power-of-mindful-leadership/,https://billgeorge.epicenter1.com/article/huffington-post-the-power-of-mindful-leadership
https://www.billgeorge.org/articles/people-strategy-the-new-global-leaders/,https://billgeorge.epicenter1.com/article/people-strategy-the-new-global-leaders
https://www.billgeorge.org/articles/huffington-post-the-phoniness-of-donald-trump/,https://billgeorge.epicenter1.com/article/huffington-post-the-phoniness-of-donald-trump
https://www.billgeorge.org/articles/cnbc-learning-from-starbucks-on-job-creation/,https://billgeorge.epicenter1.com/article/cnbc-learning-from-starbucks-on-job-creation
https://www.billgeorge.org/articles/huffington-post-true-north-leaders-antidote-to-the-leadership-crisis/,https://billgeorge.epicenter1.com/article/huffington-post-true-north-leaders-antidote-to-the-leadership-crisis
https://www.billgeorge.org/articles/huffington-post-the-triumph-of-authentic-leaders1/,https://billgeorge.epicenter1.com/article/huffington-post-the-triumph-of-authentic-leaders
https://www.billgeorge.org/articles/a-great-week-for-america/,https://billgeorge.epicenter1.com/article/a-great-week-for-america
https://www.billgeorge.org/articles/fast-company-the-key-to-creating-socially-conscious-businesses/,https://billgeorge.epicenter1.com/article/fast-company-the-key-to-creating-socially-conscious-businesses
https://www.billgeorge.org/articles/part-6-journeying-within/,https://billgeorge.epicenter1.com/article/part-6-journeying-within
https://www.billgeorge.org/articles/cnbc-target-ceo-hits-the-bulls-eye/,https://billgeorge.epicenter1.com/article/cnbc-target-ceo-hits-the-bulls-eye
https://www.billgeorge.org/articles/reuters-fifa-crisis-worse-than-anything-in-olympics-scandal/,https://billgeorge.epicenter1.com/article/reuters-fifa-crisis-worse-than-anything-in-olympics-scandal
https://www.billgeorge.org/articles/dealbook-peltzs-attacks-on-dupont-threaten-americas-research-edge/,https://billgeorge.epicenter1.com/article/dealbook-peltzs-attacks-on-dupont-threaten-americas-research-edge
https://www.billgeorge.org/articles/30-questions-to-help-you-discover-your-true-north/,https://billgeorge.epicenter1.com/article/30-questions-to-help-you-discover-your-true-north
https://www.billgeorge.org/articles/speaking-out-against-discrimination/,https://billgeorge.epicenter1.com/article/speaking-out-against-discrimination
https://www.billgeorge.org/articles/new-york-times-dealbook-when-activist-investors-aim-at-strong-companies/,https://billgeorge.epicenter1.com/article/new-york-times-dealbook-when-activist-investors-aim-at-strong-companies
https://www.billgeorge.org/articles/zach-clayton-building-business-the-right-way/,https://billgeorge.epicenter1.com/article/zach-clayton-building-business-the-right-way
https://www.billgeorge.org/articles/remarks-by-bill-george-celebrating-the-life-and-legacy-of-warren-bennis/,https://billgeorge.epicenter1.com/article/remarks-by-bill-george-celebrating-the-life-and-legacy-of-warren-bennis
https://www.billgeorge.org/articles/new-york-times-dealbook-jack-ma-on-alibaba-entrepreneurs-and-the-role-of-handstands/,https://billgeorge.epicenter1.com/article/new-york-times-dealbook-jack-ma-on-alibaba-entrepreneurs-and-the-role-of-handstands
https://www.billgeorge.org/articles/startribune-bill-george-strong-female-leadership-sets-twin-cities-apart/,https://billgeorge.epicenter1.com/article/startribune-bill-george-strong-female-leadership-sets-twin-cities-apart
https://www.billgeorge.org/articles/hbr-the-conversation-we-should-be-having-about-corporate-taxes/,https://billgeorge.epicenter1.com/article/hbr-the-conversation-we-should-be-having-about-corporate-taxes
https://www.billgeorge.org/articles/star-tribune-upset-stockholders-confront-medtronic-executives/,https://billgeorge.epicenter1.com/article/star-tribune-upset-stockholders-confront-medtronic-executives
https://www.billgeorge.org/articles/a-postcard-from-berlin/,https://billgeorge.epicenter1.com/article/a-postcard-from-berlin
https://www.billgeorge.org/articles/recommendations-for-medtronic-shareholders/,https://billgeorge.epicenter1.com/article/recommendations-for-medtronic-shareholders
https://www.billgeorge.org/articles/5-lessons-business-leaders-can-learn-from-german-soccer/,https://billgeorge.epicenter1.com/article/5-lessons-business-leaders-can-learn-from-german-soccer
https://www.billgeorge.org/articles/credit-german-born-j%ef%bf%bdrgen-klinsmann-for-turning-u-s-soccer-into-america%ef%bf%bds-team-while-the-australians-have-their-national-rugby-team-and-the-brazilians-spanish-and-germans-have-their/,https://billgeorge.epicenter1.com/article/credit-german-born-j%ef%bf%bdrgen-klinsmann-for-turning-u-s-soccer-into-america%ef%bf%bds-team-while-the-australians-have-their-national-rugby-team-and-the-brazilians-spanish-and-germans-have-their
https://www.billgeorge.org/articles/startribune-bill-george-tax-inversion-deals-should-make-sense-beyond-just-taxes/,https://billgeorge.epicenter1.com/article/startribune-bill-george-tax-inversion-deals-should-make-sense-beyond-just-taxes
https://www.billgeorge.org/articles/medtronic-deal-benefits-all-its-stakeholders/,https://billgeorge.epicenter1.com/article/medtronic-deal-benefits-all-its-stakeholders
https://www.billgeorge.org/articles/startribune-counterpoint-medtronics-move-will-benefit-all/,https://billgeorge.epicenter1.com/article/startribune-counterpoint-medtronics-move-will-benefit-all
https://www.billgeorge.org/articles/a-perspective-on-medtronics-acquisition-of-covidien/,https://billgeorge.epicenter1.com/article/a-perspective-on-medtronics-acquisition-of-covidien
https://www.billgeorge.org/articles/24/,https://billgeorge.epicenter1.com/article/cnbc-medtronics-43b-covidien-deal%ef%bf%bdand-irish-tax-move
https://www.billgeorge.org/articles/seeking-alpha-medtronic-ultimate-success-of-covidien-acquisition-relies-on-still-unknown-revenue-synergies/,https://billgeorge.epicenter1.com/article/seeking-alpha-medtronic-ultimate-success-of-covidien-acquisition-relies-on-still-unknown-revenue-synergies
https://www.billgeorge.org/articles/bloomberg-medtronic-to-buy-device-maker-covidien-for-429-billion/,https://billgeorge.epicenter1.com/article/bloomberg-medtronic-to-buy-device-maker-covidien-for-42-9-billion
https://www.billgeorge.org/articles/ny-times-dealbook-a-case-for-rejecting-pfizers-bid-for-astrazeneca/,https://billgeorge.epicenter1.com/article/ny-times-dealbook-a-case-for-rejecting-pfizers-bid-for-astrazeneca
https://www.billgeorge.org/articles/honored-by-the-franklin-institute/,https://billgeorge.epicenter1.com/article/honored-by-the-franklin-institute
https://www.billgeorge.org/articles/outsmart-the-activists/,https://billgeorge.epicenter1.com/article/outsmart-the-activists
https://www.billgeorge.org/articles/directors-board-magazine-bill-george-on-transitioning-a-boards-makeup/,https://billgeorge.epicenter1.com/article/directors-board-magazine-bill-george-on-transitioning-a-boards-makeup
https://www.billgeorge.org/articles/gms-barra-leads-from-the-front/,https://billgeorge.epicenter1.com/article/gms-barra-leads-from-the-front
https://www.billgeorge.org/articles/hbr-developing-mindful-leaders-for-the-c-suite/,https://billgeorge.epicenter1.com/article/hbr-developing-mindful-leaders-for-the-c-suite
https://www.billgeorge.org/articles/your-1-2014-new-years-resolution-resolve-to-live-more-mindfully/,https://billgeorge.epicenter1.com/article/your-1-2014-new-years-resolution-resolve-to-live-more-mindfully
https://www.billgeorge.org/articles/targets-leaders-follow-the-playbook-for-handling-crisis-well/,https://billgeorge.epicenter1.com/article/targets-leaders-follow-the-playbook-for-handling-crisis-well
https://www.billgeorge.org/articles/is-obama-backing-away-from-obamacare/,https://billgeorge.epicenter1.com/article/is-obama-backing-away-from-obamacare
https://www.billgeorge.org/articles/world-cup-draw-a-more-professional-way/,https://billgeorge.epicenter1.com/article/world-cup-draw-a-more-professional-way
https://www.billgeorge.org/articles/six-ways-to-save-obamacare/,https://billgeorge.epicenter1.com/article/six-ways-to-save-obamacare
https://www.billgeorge.org/articles/the-greatest-leader-of-our-lifetime/,https://billgeorge.epicenter1.com/article/the-greatest-leader-of-our-lifetime
https://www.billgeorge.org/articles/microsoft-ballmers-retirement-highlights-challenges-of-sustaining-tech-success/,https://billgeorge.epicenter1.com/article/microsoft-ballmers-retirement-highlights-challenges-of-sustaining-tech-success
https://www.billgeorge.org/articles/activists-seek-short-term-gain-not-long-term-value/,https://billgeorge.epicenter1.com/article/activists-seek-short-term-gain-not-long-term-value
https://www.billgeorge.org/articles/the-tipping-point-for-mindfulness/,https://billgeorge.epicenter1.com/article/the-tipping-point-for-mindfulness
https://www.billgeorge.org/articles/as-a-servant-leader-you-can-change-the-world-commencement-address/,https://billgeorge.epicenter1.com/article/as-a-servant-leader-you-can-change-the-world-commencement-address
https://www.billgeorge.org/articles/best-buy-is-back/,https://billgeorge.epicenter1.com/article/best-buy-is-back
https://www.billgeorge.org/articles/best-buy-is-poised-to-grow-after-buyout-drama-concludes-with-a-wimper/,https://billgeorge.epicenter1.com/article/best-buy-is-poised-to-grow-after-buyout-drama-concludes-with-a-wimper
https://www.billgeorge.org/articles/peer-or-expert/,https://billgeorge.epicenter1.com/article/peer-or-expert
https://www.billgeorge.org/articles/book-recommendation-leadership-and-the-art-of-struggle-by-steven-snyder/,https://billgeorge.epicenter1.com/article/book-recommendation-leadership-and-the-art-of-struggle-by-steven-snyder
https://www.billgeorge.org/articles/board-governance-depends-on-where-you-sit1/,https://billgeorge.epicenter1.com/article/board-governance-depends-on-where-you-sit
https://www.billgeorge.org/articles/a-deeper-dive-into-conscious-capitalism/,https://billgeorge.epicenter1.com/article/a-deeper-dive-into-conscious-capitalism
https://www.billgeorge.org/articles/the-self-esteem-of-leadership/,https://billgeorge.epicenter1.com/article/the-self-esteem-of-leadership
https://www.billgeorge.org/articles/5-ways-to-evaluate-investor-alignment-before-they-write-a-check/,https://billgeorge.epicenter1.com/article/5-ways-to-evaluate-investor-alignment-before-they-write-a-check
https://www.billgeorge.org/articles/to-save-h-p-break-it-in-two/,https://billgeorge.epicenter1.com/article/to-save-h-p-break-it-in-two
https://www.billgeorge.org/articles/integrative-medicine-and-the-transformation-of-healthcare/,https://billgeorge.epicenter1.com/article/integrative-medicine-and-the-transformation-of-healthcare
https://www.billgeorge.org/articles/financial-sector-directors-seek-clarity-after-election/,https://billgeorge.epicenter1.com/article/financial-sector-directors-seek-clarity-after-election
https://www.billgeorge.org/articles/harvard-on-detroit-its-a-long-road-to-recovery-but-our-vacancy-sign-is-clear-to-all/,https://billgeorge.epicenter1.com/article/harvard-on-detroit-its-a-long-road-to-recovery-but-our-vacancy-sign-is-clear-to-all
https://www.billgeorge.org/articles/an-independents-lament-let-me-out-of-this-dying-breed/,https://billgeorge.epicenter1.com/article/an-independents-lament-let-me-out-of-this-dying-breed
https://www.billgeorge.org/articles/mindfulness-helps-you-become-a-better-leader/,https://billgeorge.epicenter1.com/article/mindfulness-helps-you-become-a-better-leader
https://www.billgeorge.org/articles/developing-the-global-leader/,https://billgeorge.epicenter1.com/article/developing-the-global-leader
https://www.billgeorge.org/articles/what-does-it-take-to-be-a-leader-and-for-leadership-to-show-up/,https://billgeorge.epicenter1.com/article/what-does-it-take-to-be-a-leader-and-for-leadership-to-show-up
https://www.billgeorge.org/articles/what-business-should-do-to-restore-competitiveness/,https://billgeorge.epicenter1.com/article/what-business-should-do-to-restore-competitiveness
https://www.billgeorge.org/articles/cardiosource-worldnews-jains-clinical-innovators-bill-george/,https://billgeorge.epicenter1.com/article/cardiosource-worldnews-jains-clinical-innovators-bill-george
https://www.billgeorge.org/articles/leadership-a-master-class-with-daniel-goleman/,https://billgeorge.epicenter1.com/article/leadership-a-master-class-video-series-featuring-bill-george-now-available-for-purchase
https://www.billgeorge.org/articles/140-characters-of-risk-some-ceos-fear-twitter/,https://billgeorge.epicenter1.com/article/140-characters-of-risk-some-ceos-fear-twitter
https://www.billgeorge.org/articles/innovation-is-the-real-winner-in-apple-v-samsung/,https://billgeorge.epicenter1.com/article/innovation-is-the-real-winner-in-apple-v-samsung
https://www.billgeorge.org/articles/bestselling-author-bill-george-west-michigan-policy-forum-is-serious-about-getting-things-done/,https://billgeorge.epicenter1.com/article/bestselling-author-bill-george-west-michigan-policy-forum-is-serious-about-getting-things-done
https://www.billgeorge.org/articles/financial-times-article-on-mindful-leadership/,https://billgeorge.epicenter1.com/article/financial-times-article-on-mindful-leadership
https://www.billgeorge.org/articles/rotman-magazine-thought-leader-interview-bill-george/,https://billgeorge.epicenter1.com/article/rotman-magazine-thought-leader-interview-bill-george
https://www.billgeorge.org/articles/your-paycheck-and-the-ceos-side-by-side/,https://billgeorge.epicenter1.com/article/your-paycheck-and-the-ceos-side-by-side
https://www.billgeorge.org/articles/developing-innovative-leaders/,https://billgeorge.epicenter1.com/article/developing-innovative-leaders
https://www.billgeorge.org/articles/blame-short-term-focus-for-facebooks-fall/,https://billgeorge.epicenter1.com/article/blame-short-term-focus-for-facebooks-fall
https://www.billgeorge.org/articles/the-long-term-value-of-internet-companies/,https://billgeorge.epicenter1.com/article/the-long-term-value-of-internet-companies
https://www.billgeorge.org/articles/authentic-leadership-revisited/,https://billgeorge.epicenter1.com/article/authentic-leadership-revisited
https://www.billgeorge.org/articles/penn-state-lesson-todays-cover-up-was-yesterdays-opportunity/,https://billgeorge.epicenter1.com/article/penn-state-lesson-todays-cover-up-was-yesterdays-opportunity
https://www.billgeorge.org/articles/keys-to-great-leadership-its-about-using-your-head-and-your-heart/,https://billgeorge.epicenter1.com/article/keys-to-great-leadership-its-about-using-your-head-and-your-heart
https://www.billgeorge.org/articles/finding-a-cure-for-ceo-itis/,https://billgeorge.epicenter1.com/article/finding-a-cure-for-ceo-itis
https://www.billgeorge.org/articles/supreme-court-ruling-on-the-accountable-care-act1/,https://billgeorge.epicenter1.com/article/supreme-court-ruling-on-the-accountable-care-act
https://www.billgeorge.org/articles/a-rising-pharma-stars-executive-dream-team/,https://billgeorge.epicenter1.com/article/a-rising-pharma-stars-executive-dream-team
https://www.billgeorge.org/articles/for-businesses-supreme-court-ruling-provides-a-measure-of-clarity-in-health-care-calculations/,https://billgeorge.epicenter1.com/article/for-businesses-supreme-court-ruling-provides-a-measure-of-clarity-in-health-care-calculations
https://www.billgeorge.org/articles/health-care-insiders-brace-for-drastic-change1/,https://billgeorge.epicenter1.com/article/health-care-insiders-brace-for-drastic-change1
https://www.billgeorge.org/articles/downgraded-in-the-sky-too/,https://billgeorge.epicenter1.com/article/downgraded-in-the-sky-too
https://www.billgeorge.org/articles/harvards-prescription-for-a-broken-american-political-system1/,https://billgeorge.epicenter1.com/article/harvards-prescription-for-a-broken-american-political-system
https://www.billgeorge.org/articles/leaders-character-must-take-precedence-over-their-resumes/,https://billgeorge.epicenter1.com/article/leaders-character-must-take-precedence-over-their-resumes
https://www.billgeorge.org/articles/chesapeake-appoints-dunham-chairman-replaces-four-directors/,https://billgeorge.epicenter1.com/article/chesapeake-appoints-dunham-chairman-replaces-four-directors
https://www.billgeorge.org/articles/facing-reality-starting-with-yourself/,https://billgeorge.epicenter1.com/article/facing-reality-starting-with-yourself
https://www.billgeorge.org/articles/speaking-against-the-marriage-amendment/,https://billgeorge.epicenter1.com/article/speaking-against-the-marriage-amendment
https://www.billgeorge.org/articles/medtronic-ceo-finds-head-for-business-starts-with-heart/,https://billgeorge.epicenter1.com/article/medtronic-ceo-finds-head-for-business-starts-with-heart
https://www.billgeorge.org/articles/op-ed-highlights-charlottes-role-in-competitiveness/,https://billgeorge.epicenter1.com/article/op-ed-highlights-charlottes-role-in-competitiveness
https://www.billgeorge.org/articles/business-skills-and-buddhist-mindfulness/,https://billgeorge.epicenter1.com/article/business-skills-and-buddhist-mindfulness
https://www.billgeorge.org/articles/greatest-generation-is-passing-local-leadership-torch/,https://billgeorge.epicenter1.com/article/greatest-generation-is-passing-local-leadership-torch
https://www.billgeorge.org/articles/2012-the-year-of-the-peer-advisory-group/,https://billgeorge.epicenter1.com/article/2012-the-year-of-the-peer-advisory-group
https://www.billgeorge.org/articles/global-leadership-series/,https://billgeorge.epicenter1.com/article/article-series-on-global-leadership
https://www.billgeorge.org/articles/what-minnesota-can-learn-from-germany/,https://billgeorge.epicenter1.com/article/what-minnesota-can-learn-from-germany
https://www.billgeorge.org/articles/hope-for-the-holidays1/,https://billgeorge.epicenter1.com/article/hope-for-the-holidays
https://www.billgeorge.org/articles/ethics-in-the-corner-office/,https://billgeorge.epicenter1.com/article/ethics-in-the-corner-office
https://www.billgeorge.org/articles/the-steward-of-ibm/,https://billgeorge.epicenter1.com/article/the-steward-of-ibm
https://www.billgeorge.org/articles/alumni-perspective-bill-george-on-authentic-leadership/,https://billgeorge.epicenter1.com/article/alumni-perspective-bill-george-on-authentic-leadership
https://www.billgeorge.org/articles/leadershipnow-review-of-true-north-groups/,https://billgeorge.epicenter1.com/article/leadershipnow-review-of-true-north-groups
https://www.billgeorge.org/articles/20-leadership-books-you-might-not-have-read/,https://billgeorge.epicenter1.com/article/20-leadership-books-you-might-not-have-read
https://www.billgeorge.org/articles/ama-interview-bill-george-on-true-north-groups/,https://billgeorge.epicenter1.com/article/ama-interview-bill-george-on-true-north-groups
https://www.billgeorge.org/articles/2011-leadership-500-list/,https://billgeorge.epicenter1.com/article/2011-leadership-500-list
https://www.billgeorge.org/articles/finding-the-true-north/,https://billgeorge.epicenter1.com/article/finding-the-true-north
https://www.billgeorge.org/articles/extraordinary-collaboration-can-rebuild-minnesota-miracle/,https://billgeorge.epicenter1.com/article/extraordinary-collaboration-can-rebuild-minnesota-miracle
https://www.billgeorge.org/articles/as-layoffs-rise-stock-buybacks-consume-cash/,https://billgeorge.epicenter1.com/article/as-layoffs-rise-stock-buybacks-consume-cash
https://www.billgeorge.org/articles/group-therapy-for-executives/,https://billgeorge.epicenter1.com/article/group-therapy-for-executives
https://www.billgeorge.org/articles/leadership-development-for-the-21st-century/,https://billgeorge.epicenter1.com/article/leadership-development-for-the-21st-century
https://www.billgeorge.org/articles/leadership-trap/,https://billgeorge.epicenter1.com/article/leadership-trap
https://www.billgeorge.org/articles/authentic-leaders1/,https://billgeorge.epicenter1.com/article/authentic-leaders
https://www.billgeorge.org/articles/daytons-jobs-summit-takes-a-hard-hopeful-look-at-minnesotas-future/,https://billgeorge.epicenter1.com/article/daytons-jobs-summit-takes-a-hard-hopeful-look-at-minnesotas-future
https://www.billgeorge.org/articles/stay-true-to-yourself/,https://billgeorge.epicenter1.com/article/stay-true-to-yourself
https://www.billgeorge.org/articles/jobs-gates-and-occupy-wall-street/,https://billgeorge.epicenter1.com/article/jobs-gates-and-occupy-wall-street
https://www.billgeorge.org/articles/journal-of-the-american-management-association-becoming-a-collaborative-leader/,https://billgeorge.epicenter1.com/article/becoming-a-collaborative-leader
https://www.billgeorge.org/articles/true-north-groups-at-work-for-georgia-tech-undergrads/,https://billgeorge.epicenter1.com/article/true-north-groups-at-work-for-georgia-tech-undergrads
https://www.billgeorge.org/articles/leadership-trap-why-leaders-lose-their-way/,https://billgeorge.epicenter1.com/article/leadership-trap-why-leaders-lose-their-way
https://www.billgeorge.org/articles/true-north-groups-a-conversation-with-bill-george/,https://billgeorge.epicenter1.com/article/true-north-groups-a-conversation-with-bill-george
https://www.billgeorge.org/articles/fortune-the-church-of-b-school/,https://billgeorge.epicenter1.com/article/fortune-the-church-of-b-school
https://www.billgeorge.org/articles/harvard-working-knowledge-the-power-of-leadership-groups-for-staying-on-track/,https://billgeorge.epicenter1.com/article/harvard-working-knowledge-the-power-of-leadership-groups-for-staying-on-track
https://www.billgeorge.org/articles/huffington-post-youre-only-as-good-as-who-you-surround-yourself-with/,https://billgeorge.epicenter1.com/article/huffington-post-youre-only-as-good-as-who-you-surround-yourself-with
https://www.billgeorge.org/articles/forbes-interview-with-dan-schwabel-creating-your-own-true-north-group/,https://billgeorge.epicenter1.com/article/forbes-interview-with-dan-schwabel-creating-your-own-true-north-group
https://www.billgeorge.org/articles/true-north-groups-helping-leaders-find-their-way/,https://billgeorge.epicenter1.com/article/true-north-groups-helping-leaders-find-their-way
https://www.billgeorge.org/articles/the-collective-power-of-small-groups/,https://billgeorge.epicenter1.com/article/the-collective-power-of-small-groups
https://www.billgeorge.org/articles/fortune-bill-georges-corporate-dream-team/,https://billgeorge.epicenter1.com/article/bill-georges-corporate-dream-team
https://www.billgeorge.org/articles/true-north-groups-leadership-development-for-the-21st-century/,https://billgeorge.epicenter1.com/article/true-north-groups-leadership-development-for-the-21st-century
https://www.billgeorge.org/articles/enough-talk-about-jobs-wheres-the-action/,https://billgeorge.epicenter1.com/article/enough-talk-about-jobs-wheres-the-action
https://www.billgeorge.org/articles/startribune-a-call-for-authentic-leadership/,https://billgeorge.epicenter1.com/article/startribune-a-call-for-authentic-leadership
https://www.billgeorge.org/articles/mpr-what-happened-to-leadership/,https://billgeorge.epicenter1.com/article/mpr-what-happened-to-leadership
https://www.billgeorge.org/articles/financial-times-something-for-the-weekend/,https://billgeorge.epicenter1.com/article/financial-times-something-for-the-weekend
https://www.billgeorge.org/articles/harvard-working-knowledge-why-leaders-lose-their-way/,https://billgeorge.epicenter1.com/article/harvard-working-knowledge-why-leaders-lose-their-way
https://www.billgeorge.org/articles/values-centered-leadership-the-key-to-success-in-the-21st-century/,https://billgeorge.epicenter1.com/article/values-centered-leadership-the-key-to-success-in-the-21st-century
https://www.billgeorge.org/articles/the-love-leadership/,https://billgeorge.epicenter1.com/article/the-love-leadership
https://www.billgeorge.org/articles/a-celebration-of-leadership-at-st-kates/,https://billgeorge.epicenter1.com/article/a-celebration-of-leadership-at-st-kates
https://www.billgeorge.org/articles/take-a-close-look-at-the-new-generation-of-corporate-leaders/,https://billgeorge.epicenter1.com/article/take-a-close-look-at-the-new-generation-of-corporate-leaders
https://www.billgeorge.org/articles/the-principled-bill-george-primed-medtronics-pump/,https://billgeorge.epicenter1.com/article/the-principled-bill-george-primed-medtronics-pump
https://www.billgeorge.org/articles/boardrooms-remain-old-school/,https://billgeorge.epicenter1.com/article/boardrooms-remain-old-school
https://www.billgeorge.org/articles/apple-ceo-jobss-illness-prompts-calls-for-greater-disclosure/,https://billgeorge.epicenter1.com/article/apple-ceo-jobss-illness-prompts-calls-for-greater-disclosure
https://www.billgeorge.org/articles/should-apple-disclose-its-steve-jobs-succession-plans/,https://billgeorge.epicenter1.com/article/should-apple-disclose-its-steve-jobs-succession-plans
https://www.billgeorge.org/articles/minnesota-public-radio-remembering-win-wallin/,https://billgeorge.epicenter1.com/article/minnesota-public-radio-remembering-win-wallin
https://www.billgeorge.org/articles/harvard-business-school-faculty-on-2010s-biggest-business-developments/,https://billgeorge.epicenter1.com/article/harvard-business-school-faculty-on-2010s-biggest-business-developments
https://www.billgeorge.org/articles/wsj-medtronic-ex-ceo-suggests-steps-to-boost-business/,https://billgeorge.epicenter1.com/article/wsj-medtronic-ex-ceo-suggests-steps-to-boost-business
https://www.billgeorge.org/articles/gregg-steinhafel-has-faced-up-to-many-challenges-as-target-ceo/,https://billgeorge.epicenter1.com/article/gregg-steinhafel-has-faced-up-to-many-challenges-as-target-ceo
https://www.billgeorge.org/articles/leadership-experts-obama-is-no-a-student/,https://billgeorge.epicenter1.com/article/leadership-experts-obama-is-no-a-student
https://www.billgeorge.org/articles/mindful-leadership-compassion-contemplation-and-meditation-develop-effective-leaders/,https://billgeorge.epicenter1.com/article/mindful-leadership-compassion-contemplation-and-meditation-develop-effective-leaders
https://www.billgeorge.org/articles/another-view-its-time-for-obama-20/,https://billgeorge.epicenter1.com/article/another-view-its-time-for-obama-2-0
https://www.billgeorge.org/articles/coming-home-to-minnesota/,https://billgeorge.epicenter1.com/article/coming-home-to-minnesota
https://www.billgeorge.org/articles/the-economist-debate-obama-and-business/,https://billgeorge.epicenter1.com/article/the-economist-debate-obama-and-business
https://www.billgeorge.org/articles/authentic-leaders/,https://billgeorge.epicenter1.com/article/authentic-leaders
https://www.billgeorge.org/articles/greed-is-returning-to-theaters-in-sequel/,https://billgeorge.epicenter1.com/article/greed-is-returning-to-theaters-in-sequel
https://www.billgeorge.org/articles/the-new-21st-century-leadership/,https://billgeorge.epicenter1.com/article/the-new-21st-century-leadership
https://www.billgeorge.org/articles/how-to-handle-ceo-pay-before-dodd-frank-hits1/,https://billgeorge.epicenter1.com/article/how-to-handle-ceo-pay-before-dodd-frank-hits
https://www.billgeorge.org/articles/executive-pay-rebuilding-trust-in-an-era-of-rage/,https://billgeorge.epicenter1.com/article/executive-pay-rebuilding-trust-in-an-era-of-rage
https://www.billgeorge.org/articles/why-minnesota-works/,https://billgeorge.epicenter1.com/article/why-minnesota-works
https://www.billgeorge.org/articles/mindful-leadership-when-east-meets-west1/,https://billgeorge.epicenter1.com/article/mindful-leadership-when-east-meets-west
https://www.billgeorge.org/articles/how-to-become-a-servant-leader1/,https://billgeorge.epicenter1.com/article/how-to-become-a-servant-leader
https://www.billgeorge.org/articles/mpr-top-mn-companies-weigh-political-donations-after-target-flap/,https://billgeorge.epicenter1.com/article/mpr-top-mn-companies-weigh-political-donations-after-target-flap
https://www.billgeorge.org/articles/h-p-board-sued-on-hurd-exit/,https://billgeorge.epicenter1.com/article/h-p-board-sued-on-hurd-exit
https://www.billgeorge.org/articles/despite-hps-efforts-spectacle-of-a-chief-goes-on/,https://billgeorge.epicenter1.com/article/despite-h-p-s-efforts-spectacle-of-a-chief-goes-on
https://www.billgeorge.org/articles/win-wallin-an-authentic-leader-in-our-midst1/,https://billgeorge.epicenter1.com/article/win-wallin-an-authentic-leader-in-our-midst
https://www.billgeorge.org/articles/its-time-to-invest-in-america1/,https://billgeorge.epicenter1.com/article/its-time-to-invest-in-america
https://www.billgeorge.org/articles/a-massive-generational-change-in-leadership/,https://billgeorge.epicenter1.com/article/a-massive-generational-change-in-leadership
https://www.billgeorge.org/articles/bill-george-on-the-ill-health-of-health-care/,https://billgeorge.epicenter1.com/article/bill-george-on-the-ill-health-of-health-care
https://www.billgeorge.org/articles/wall-street-journal-ruling-means-few-changes-for-companies-under-sarbanes-oxley/,https://billgeorge.epicenter1.com/article/ruling-means-few-changes-for-companies-under-sarbanes-oxley
https://www.billgeorge.org/articles/great-leaders-forge-the-way-to-win-win-solutions-for-all-parties/,https://billgeorge.epicenter1.com/article/great-leaders-forge-the-way-to-win-win-solutions-for-all-parties
https://www.billgeorge.org/articles/can-biotech-survive-icahn/,https://billgeorge.epicenter1.com/article/can-biotech-survive-icahn
https://www.billgeorge.org/articles/harvard-business-professor-bill-george-looks-at-leadership/,https://billgeorge.epicenter1.com/article/harvard-business-professor-bill-george-looks-at-leadership
https://www.billgeorge.org/articles/mia-boards/,https://billgeorge.epicenter1.com/article/m-i-a-boards
https://www.billgeorge.org/articles/gatech-philanthropy-quarterly/,https://billgeorge.epicenter1.com/article/gatech-philanthropy-quarterly
https://www.billgeorge.org/articles/collaboration-necessary-for-positive-change1/,https://billgeorge.epicenter1.com/article/collaboration-necessary-for-positive-change
https://www.billgeorge.org/articles/lessons-in-ethical-leadership-an-interview-with-bill-george/,https://billgeorge.epicenter1.com/article/lessons-in-ethical-leadership-an-interview-with-bill-george
https://www.billgeorge.org/articles/financial-post-how-to-manage-crises-one-mans-view/,https://billgeorge.epicenter1.com/article/financial-post-how-to-manage-crises-one-mans-view
https://www.billgeorge.org/articles/the-new-21st-century-leaders1/,https://billgeorge.epicenter1.com/article/the-new-21st-century-leaders
https://www.billgeorge.org/articles/solving-jobs-crisis-wont-be-a-quick-fix/,https://billgeorge.epicenter1.com/article/solving-jobs-crisis-wont-be-a-quick-fix
https://www.billgeorge.org/articles/200-minnesotans-you-should-know/,https://billgeorge.epicenter1.com/article/200-minnesotans-you-should-know
https://www.billgeorge.org/articles/passage-of-us-healthcare-reform-legislation/,https://billgeorge.epicenter1.com/article/passage-of-us-healthcare-reform-legislation
https://www.billgeorge.org/articles/time-to-transform-states-health-care1/,https://billgeorge.epicenter1.com/article/time-to-transform-states-health-care
https://www.billgeorge.org/articles/leading-in-crisis-lessons-for-safety-leaders/,https://billgeorge.epicenter1.com/article/leading-in-crisis-lessons-for-safety-leaders
https://www.billgeorge.org/articles/a-golden-opportunity-for-ford-and-gm1/,https://billgeorge.epicenter1.com/article/a-golden-opportunity-for-ford-and-gm
https://www.billgeorge.org/articles/tragedy-at-toyota-how-not-to-lead-in-crisis1/,https://billgeorge.epicenter1.com/article/tragedy-at-toyota-how-not-to-lead-in-crisis
https://www.billgeorge.org/articles/6/,https://billgeorge.epicenter1.com/article/foreign-ceo-testimony-a-rare-catch-for-congress
https://www.billgeorge.org/articles/8/,https://billgeorge.epicenter1.com/article/leaderships-lost-decade
https://www.billgeorge.org/articles/7/,https://billgeorge.epicenter1.com/article/toyota-chief-agrees-to-testify-before-congress
https://www.billgeorge.org/articles/former-medtronic-ceo-george-healthcare-reform-hinges-on-low-tech-local-solutions/,https://billgeorge.epicenter1.com/article/former-medtronic-ceo-george-healthcare-reform-hinges-on-low-tech-local-solutions
https://www.billgeorge.org/articles/an-agenda-disrupted-obama-after-year-one1/,https://billgeorge.epicenter1.com/article/an-agenda-disrupted-obama-after-year-one
https://www.billgeorge.org/articles/bill-george-discusses-healthcare-reform-mpr-news-audio/,https://billgeorge.epicenter1.com/article/bill-george-discusses-healthcare-reform-mpr-news-audio
https://www.billgeorge.org/articles/bezos-chambers-provide-model-for-leaders-after-crisis/,https://billgeorge.epicenter1.com/article/bezos-chambers-provide-model-for-leaders-after-crisis
https://www.billgeorge.org/articles/goldman-taking-hard-look-at-pay-board-member-says/,https://billgeorge.epicenter1.com/article/goldman-taking-hard-look-at-pay-board-member-says
https://www.billgeorge.org/articles/another-view-innovation-can-unlock-job-growth/,https://billgeorge.epicenter1.com/article/another-view-innovation-can-unlock-job-growth
https://www.billgeorge.org/articles/bill-george-crisis-of-confidence-restoring-trust-in-our-leaders/,https://billgeorge.epicenter1.com/article/bill-george-crisis-of-confidence-restoring-trust-in-our-leaders
https://www.billgeorge.org/articles/after-the-crisis-restoring-trust-in-us-leaders1/,https://billgeorge.epicenter1.com/article/after-the-crisis-restoring-trust-in-u-s-leaders
https://www.billgeorge.org/articles/industryweek-selects-bill-george-for-manufacturing-hall-of-fame/,https://billgeorge.epicenter1.com/article/industryweek-selects-bill-george-for-manufacturing-hall-of-fame
https://www.billgeorge.org/articles/9/,https://billgeorge.epicenter1.com/article/manufacturing-hall-of-fame-2009-the-inaugural-class
https://www.billgeorge.org/articles/10/,https://billgeorge.epicenter1.com/article/pragmatically-compromising-or-selling-out
https://www.billgeorge.org/articles/qa-with-bill-george-in-brasil-economico/,https://billgeorge.epicenter1.com/article/qa-with-bill-george-in-brasil-economico
https://www.billgeorge.org/articles/lessons-for-leading-in-crisis-useful-commute-podcast/,https://billgeorge.epicenter1.com/article/lessons-for-leading-in-crisis-useful-commute-podcast
https://www.billgeorge.org/articles/ex-medtronic-ceo-bill-george-talks-about-financial-markets-meltdown/,https://billgeorge.epicenter1.com/article/ex-medtronic-ceo-bill-george-talks-about-financial-markets%ef%bf%bd-meltdown
https://www.billgeorge.org/articles/five-questions-for-bill-george/,https://billgeorge.epicenter1.com/article/five-questions-for-bill-george
https://www.billgeorge.org/articles/overcoming-short-termism/,https://billgeorge.epicenter1.com/article/overcoming-short-termism
https://www.billgeorge.org/articles/focus-on-short-term-hurts-companies/,https://billgeorge.epicenter1.com/article/focus-on-short-term-hurts-companies
https://www.billgeorge.org/articles/uniting-the-young-on-religious-tolerance/,https://billgeorge.epicenter1.com/article/uniting-the-young-on-religious-tolerance
https://www.billgeorge.org/articles/chief-executive-magazine/,https://billgeorge.epicenter1.com/article/chief-executive-magazine
https://www.billgeorge.org/articles/transcript-from-pbs-business-report-crisis-lenders/,https://billgeorge.epicenter1.com/article/crisis-lenders
https://www.billgeorge.org/articles/review-of-7-lessons-you-have-permission-to-ask-for-help/,https://billgeorge.epicenter1.com/article/review-of-7-lessons-you-have-permission-to-ask-for-help
https://www.billgeorge.org/articles/bill-george-on-cios/,https://billgeorge.epicenter1.com/article/bill-george-on-cios
https://www.billgeorge.org/articles/endless-knots-bill-georges-remarks-at-nacd/,https://billgeorge.epicenter1.com/article/endless-knots-bill-georges-remarks-at-nacd
https://www.billgeorge.org/articles/eboo-patel-obama-faith-adviser-preaches-religious-tolerance/,https://billgeorge.epicenter1.com/article/eboo-patel-obama-faith-adviser-preaches-religious-tolerance
https://www.billgeorge.org/articles/headlining-at-the-world-business-forum-7-lessons-for-leading-in-a-crisis/,https://billgeorge.epicenter1.com/article/headlining-at-the-world-business-forum-7-lessons-for-leading-in-a-crisis
https://www.billgeorge.org/articles/2/,https://billgeorge.epicenter1.com/article/7-lessons-for-navigating-the-storm
https://www.billgeorge.org/articles/rays-of-hope-at-general-motors/,https://billgeorge.epicenter1.com/article/rays-of-hope-at-general-motors
https://www.billgeorge.org/articles/busisnessweek-book-excerpt-7-lessons-for-leading-in-crisis/,https://billgeorge.epicenter1.com/article/book-excerpt-7-lessons-for-leading-in-crisis
https://www.billgeorge.org/articles/minnpost-dave-beal-on-the-leadership-summit/,https://billgeorge.epicenter1.com/article/leadership-event-focuses-on-nations-economic-and-political-strife
https://www.billgeorge.org/articles/carlson-cos-ebay-execs-discuss-leading-in-crisis/,https://billgeorge.epicenter1.com/article/carlson-cos-ebay-execs-discuss-leading-in-crisis
https://www.billgeorge.org/articles/outside-shot-putting-america-back-to-work/,https://billgeorge.epicenter1.com/article/outside-shot-putting-america-back-to-work
https://www.billgeorge.org/articles/who-leads-best-in-a-crisis/,https://billgeorge.epicenter1.com/article/who-leads-best-in-a-crisis
https://www.billgeorge.org/articles/former-ceo-bill-georges-advice-face-reality/,https://billgeorge.epicenter1.com/article/former-ceo-bill-georges-advice-face-reality
https://www.billgeorge.org/articles/as-a-storm-approached-a-few-bankers-acted-wisely/,https://billgeorge.epicenter1.com/article/new-york-times-as-a-storm-approached-a-few-bankers-acted-wisely
https://www.billgeorge.org/articles/28-business-investment-academic-labor-leaders-join-aspen-institute-in-bold-call-to-overcome-short-termism/,https://billgeorge.epicenter1.com/article/28-business-investment-academic-labor-leaders-join-aspen-institute-in-bold-call-to-overcome-short-termism
https://www.billgeorge.org/articles/bill-george-launching-leading-in-crisis-book/,https://billgeorge.epicenter1.com/article/bill-george-launching-leading-in-crisis-book
https://www.billgeorge.org/articles/the-2009-health-care-reform-debacle1/,https://billgeorge.epicenter1.com/article/the-2009-health-care-reform-debacle
https://www.billgeorge.org/articles/creating-sustainable-jobs/,https://billgeorge.epicenter1.com/article/creating-sustainable-jobs
https://www.billgeorge.org/articles/bill-george-the-economic-crisis-will-shape-new-leaders-pdf/,https://billgeorge.epicenter1.com/article/bill-george-the-economic-crisis-will-shape-new-leaders-pdf
https://www.billgeorge.org/articles/now-turn-to-the-future/,https://billgeorge.epicenter1.com/article/now-turn-to-the-future
https://www.billgeorge.org/articles/ackmans-desperate-target-fight-pdf/,https://billgeorge.epicenter1.com/article/ackmans-desperate-target-fight-pdf
https://www.billgeorge.org/articles/bill-george-how-gm-wasted-a-good-crisis/,https://billgeorge.epicenter1.com/article/bill-george-how-gm-wasted-a-good-crisis
https://www.billgeorge.org/articles/rotary-salutes-top-20/,https://billgeorge.epicenter1.com/article/rotary-salutes-top-20
https://www.billgeorge.org/articles/bill-george-the-wrong-target/,https://billgeorge.epicenter1.com/article/the-deal-magazine-the-wrong-target
https://www.billgeorge.org/articles/the-economic-crisis-will-shape-new-leaders/,https://billgeorge.epicenter1.com/article/the-economic-crisis-will-shape-new-leaders
https://www.billgeorge.org/articles/why-obama-and-geithner-should-find-a-bank-czarpdf/,https://billgeorge.epicenter1.com/article/why-obama-and-geithner-should-find-a-bank-czar-pdf
https://www.billgeorge.org/articles/bill-george-a-few-rays-of-hope/,https://billgeorge.epicenter1.com/article/bill-george-a-few-rays-of-hope
https://www.billgeorge.org/articles/bill-george-letting-ed-liddy-twist-in-the-wind/,https://billgeorge.epicenter1.com/article/bill-george-letting-ed-liddy-twist-in-the-wind
https://www.billgeorge.org/articles/how-did-he-transform-the-scene/,https://billgeorge.epicenter1.com/article/how-did-he-transform-the-scene
https://www.billgeorge.org/articles/authentic-leadership/,https://billgeorge.epicenter1.com/article/authentic-leadership
https://www.billgeorge.org/articles/bill-george-how-business-can-help-untangle-the-mess/,https://billgeorge.epicenter1.com/article/bill-george-how-business-can-help-untangle-the-mess
https://www.billgeorge.org/articles/bill-george-how-corporate-america-can-help-obama/,https://billgeorge.epicenter1.com/article/bill-george-how-corporate-america-can-help-obama
https://www.billgeorge.org/articles/the-5-values-for-successful-leadership/,https://billgeorge.epicenter1.com/article/the-5-values-for-successful-leadership
https://www.billgeorge.org/articles/bill-george-on-whats-gone-wrong-on-wall-street-and-how-to-make-it-right-pdf/,https://billgeorge.epicenter1.com/article/bill-george-on-whats-gone-wrong-on-wall-street-and-how-to-make-it-right-pdf
https://www.billgeorge.org/articles/bill-george-a-plan-to-save-gm/,https://billgeorge.epicenter1.com/article/bill-george-a-plan-to-save-gm
https://www.billgeorge.org/articles/car-czar-a-fuzzy-description-for-a-big-job/,https://billgeorge.epicenter1.com/article/car-czar-a-fuzzy-description-for-a-big-job
https://www.billgeorge.org/articles/since-enron-little-has-changed1/,https://billgeorge.epicenter1.com/article/since-enron-little-has-changed
https://www.billgeorge.org/articles/americas-best-leaders-anne-mulcahy-xerox-ceo/,https://billgeorge.epicenter1.com/article/americas-best-leaders-anne-mulcahy-xerox-ceo
https://www.billgeorge.org/articles/failed-leadership-caused-the-financial-crisis/,https://billgeorge.epicenter1.com/article/failed-leadership-caused-the-financial-crisis
https://www.billgeorge.org/articles/barack-obama-a-leader-for-the-we-generation/,https://billgeorge.epicenter1.com/article/barack-obama-a-leader-for-the-we-generation
https://www.billgeorge.org/articles/nations-problems-can-be-traced-to-leadership-vacuum/,https://billgeorge.epicenter1.com/article/nations-problems-can-be-traced-to-leadership-vacuum
https://www.billgeorge.org/articles/excellence-100-top-thought-leaders/,https://billgeorge.epicenter1.com/article/excellence-100-top-thought-leaders
https://www.billgeorge.org/articles/in-the-eye-of-the-storm/,https://billgeorge.epicenter1.com/article/in-the-eye-of-the-storm
https://www.billgeorge.org/articles/wall-street-bosses-tiger-woods-meditate-to-focus-stay-calm/,https://billgeorge.epicenter1.com/article/wall-street-bosses-tiger-woods-meditate-to-focus-stay-calm
https://www.billgeorge.org/articles/bill-george-where-were-the-boards-pdf/,https://billgeorge.epicenter1.com/article/bill-george-where-were-the-boards-pdf
https://www.billgeorge.org/articles/its-over1/,https://billgeorge.epicenter1.com/article/its-over
https://www.billgeorge.org/articles/women-worth-watching-in-2009-pdf/,https://billgeorge.epicenter1.com/article/women-worth-watching-in-2009-pdf
https://www.billgeorge.org/articles/wall-streets-latest-crisis-of-leadership/,https://billgeorge.epicenter1.com/article/wall-streets-latest-crisis-of-leadership
https://www.billgeorge.org/articles/look-past-the-political-rhetoric/,https://billgeorge.epicenter1.com/article/look-past-the-political-rhetoric
https://www.billgeorge.org/articles/the-best-in-boardroom-intelligence/,https://billgeorge.epicenter1.com/article/the-best-in-boardroom-intelligence
https://www.billgeorge.org/articles/true-north-named-best-management-book/,https://billgeorge.epicenter1.com/article/true-north-named-best-management-book
https://www.billgeorge.org/articles/finding-your-true-north-is-3-best-seller/,https://billgeorge.epicenter1.com/article/finding-your-true-north-is-3-best-seller
https://www.billgeorge.org/articles/of-character-substance-and-integrity-pdf/,https://billgeorge.epicenter1.com/article/of-character-substance-and-integrity-pdf
https://www.billgeorge.org/articles/follow-the-oil-money/,https://billgeorge.epicenter1.com/article/follow-the-oil-money
https://www.billgeorge.org/articles/we-ask-when-will-the-pain-go-away/,https://billgeorge.epicenter1.com/article/we-ask-when-will-the-pain-go-away
https://www.billgeorge.org/articles/exxon-boards-turnover-may-bring-fresh-views/,https://billgeorge.epicenter1.com/article/exxon-boards-turnover-may-bring-fresh-views
https://www.billgeorge.org/articles/of-substance-character-and-integrity-pdf/,https://billgeorge.epicenter1.com/article/of-substance-character-and-integrity-pdf
https://www.billgeorge.org/articles/when-tolerance-becomes-intolerable/,https://billgeorge.epicenter1.com/article/when-tolerance-becomes-intolerable
https://www.billgeorge.org/articles/open-letter-to-bill-clinton/,https://billgeorge.epicenter1.com/article/open-letter-to-bill-clinton
https://www.billgeorge.org/articles/businessweek-mba-summer-reading/,https://billgeorge.epicenter1.com/article/businessweek-mba-summer-reading
https://www.billgeorge.org/articles/how-ceos-stay-on-top-of-their-game/,https://billgeorge.epicenter1.com/article/how-ceos-stay-on-top-of-their-game
https://www.billgeorge.org/articles/for-ex-ceo-best-role-is-modest-one/,https://billgeorge.epicenter1.com/article/for-ex-ceo-best-role-is-modest-one
https://www.billgeorge.org/articles/a-new-political-agenda-for-business/,https://billgeorge.epicenter1.com/article/a-new-political-agenda-for-business
https://www.billgeorge.org/articles/how-to-fill-a-predecessors-big-shoes/,https://billgeorge.epicenter1.com/article/how-to-fill-a-predecessors-big-shoes
https://www.billgeorge.org/articles/book-club-true-north/,https://billgeorge.epicenter1.com/article/book-club-true-north
https://www.billgeorge.org/articles/the-real-deal/,https://billgeorge.epicenter1.com/article/the-real-deal
https://www.billgeorge.org/articles/laffaire-spitzer-leaders-who-lose-their-way/,https://billgeorge.epicenter1.com/article/laffaire-spitzer-leaders-who-lose-their-way
https://www.billgeorge.org/articles/wanted-a-few-disruptive-leaders/,https://billgeorge.epicenter1.com/article/wanted-a-few-disruptive-leaders
https://www.billgeorge.org/articles/barack-obama-and-the-case-for-charisma/,https://billgeorge.epicenter1.com/article/barack-obama-and-the-case-for-charisma
https://www.billgeorge.org/articles/first-monday-executive-briefing-for-march/,https://billgeorge.epicenter1.com/article/first-monday-executive-briefing-for-march
https://www.billgeorge.org/articles/ethics-must-be-global-not-local/,https://billgeorge.epicenter1.com/article/ethics-must-be-global-not-local
https://www.billgeorge.org/articles/the-founder-returns/,https://billgeorge.epicenter1.com/article/the-founder-returns
https://www.billgeorge.org/articles/as-books-close-on-2007-managers-should-take-a-long-term-view-pdf/,https://billgeorge.epicenter1.com/article/as-books-close-on-2007-managers-should-take-a-long-term-view-pdf
https://www.billgeorge.org/articles/the-obama-phenomenon/,https://billgeorge.epicenter1.com/article/the-obama-phenomenon
https://www.billgeorge.org/articles/lessons-in-leadership/,https://billgeorge.epicenter1.com/article/lessons-in-leadership
https://www.billgeorge.org/articles/best-leadership-books-of-2007/,https://billgeorge.epicenter1.com/article/best-leadership-books-of-2007
https://www.billgeorge.org/articles/10-questions-with-bill-george/,https://billgeorge.epicenter1.com/article/10-questions-with-bill-george
https://www.billgeorge.org/articles/authentic-ways-of-leading/,https://billgeorge.epicenter1.com/article/authentic-ways-of-leading
https://www.billgeorge.org/articles/the-thought-leader-interview-bill-george/,https://billgeorge.epicenter1.com/article/the-thought-leader-interview-bill-george
https://www.billgeorge.org/articles/an-embarrassment-of-succession-fiascoes1/,https://billgeorge.epicenter1.com/article/an-embarrassment-of-succession-fiascoes
https://www.billgeorge.org/articles/11/,https://billgeorge.epicenter1.com/article/media-consider-american-businessmen-bad-company
https://www.billgeorge.org/articles/a-new-makeover-for-an-old-retail-face/,https://billgeorge.epicenter1.com/article/a-new-makeover-for-an-old-retail-face
https://www.billgeorge.org/articles/perhaps-too-many-acts-in-the-corporate-tent/,https://billgeorge.epicenter1.com/article/perhaps-too-many-acts-in-the-corporate-tent
https://www.billgeorge.org/articles/another-fire-in-a-new-world/,https://billgeorge.epicenter1.com/article/another-fire-in-a-new-world
https://www.billgeorge.org/articles/for-ceos-off-duty-isnt-an-option/,https://billgeorge.epicenter1.com/article/for-ceos-off-duty-isnt-an-option
https://www.billgeorge.org/articles/does-anyone-care-about-homeowners/,https://billgeorge.epicenter1.com/article/does-anyone-care-about-homeowners
https://www.billgeorge.org/articles/where-have-all-the-leaders-gone-part-iii1/,https://billgeorge.epicenter1.com/article/where-have-all-the-leaders-gone-part-iii
https://www.billgeorge.org/articles/the-right-leader-for-the-right-reasons/,https://billgeorge.epicenter1.com/article/the-right-leader-for-the-right-reasons
https://www.billgeorge.org/articles/where-have-all-the-leaders-gone-part-i1/,https://billgeorge.epicenter1.com/article/where-have-all-the-leaders-gone-part-i
https://www.billgeorge.org/articles/where-have-all-the-leaders-gone-part-ii1/,https://billgeorge.epicenter1.com/article/where-have-all-the-leaders-gone-part-ii
https://www.billgeorge.org/articles/12/,https://billgeorge.epicenter1.com/article/first-born-kids-grow-up-to-be-ceo-material
https://www.billgeorge.org/articles/nonperforming-ceos1/,https://billgeorge.epicenter1.com/article/nonperforming-ceos
https://www.billgeorge.org/articles/bill-george-on-finding-true-north-pdf/,https://billgeorge.epicenter1.com/article/bill-george-on-finding-true-north-pdf
https://www.billgeorge.org/articles/bill-georges-upbeat-direction1/,https://billgeorge.epicenter1.com/article/bill-georges-upbeat-direction
https://www.billgeorge.org/articles/don-visits-with-former-medtronic-ceo-bill-george/,https://billgeorge.epicenter1.com/article/don-visits-with-former-medtronic-ceo-bill-george
https://www.billgeorge.org/articles/where-have-all-the-leaders-gone1/,https://billgeorge.epicenter1.com/article/where-have-all-the-leaders-gone
https://www.billgeorge.org/articles/the-uss-hidden-asset-global-capitalism/,https://billgeorge.epicenter1.com/article/the-u-s-s-hidden-asset-global-capitalism
https://www.billgeorge.org/articles/private-equity-public-gain/,https://billgeorge.epicenter1.com/article/private-equity-public-gain
https://www.billgeorge.org/articles/true-to-life/,https://billgeorge.epicenter1.com/article/true-to-life
https://www.billgeorge.org/articles/heading-true-north/,https://billgeorge.epicenter1.com/article/heading-true-north
https://www.billgeorge.org/articles/are-ceos-ruining-america/,https://billgeorge.epicenter1.com/article/are-ceos-ruining-america
https://www.billgeorge.org/articles/solving-the-leadership-crisis/,https://billgeorge.epicenter1.com/article/solving-the-leadership-crisis
https://www.billgeorge.org/articles/the-transformation-from-i-to-we/,https://billgeorge.epicenter1.com/article/the-transformation-from-i-to-we
https://www.billgeorge.org/articles/the-businessweek-best-seller-list/,https://billgeorge.epicenter1.com/article/the-businessweek-best-seller-list
https://www.billgeorge.org/articles/former-medtronic-ceo-tells-usd-how-to-lead/,https://billgeorge.epicenter1.com/article/former-medtronic-ceo-tells-usd-how-to-lead
https://www.billgeorge.org/articles/bill-george-on-his-leadership-of-medtronic/,https://billgeorge.epicenter1.com/article/bill-george-on-his-leadership-of-medtronic
https://www.billgeorge.org/articles/real-answers-for-real-leaders/,https://billgeorge.epicenter1.com/article/real-answers-for-real-leaders
https://www.billgeorge.org/articles/on-the-record-bill-george/,https://billgeorge.epicenter1.com/article/on-the-record-bill-george
https://www.billgeorge.org/articles/what-consultants-may-not-know-about-leadership/,https://billgeorge.epicenter1.com/article/what-consultants-may-not-know-about-leadership
https://www.billgeorge.org/articles/ceo-readings-lists/,https://billgeorge.epicenter1.com/article/ceo-readings-lists
https://www.billgeorge.org/articles/bill-george-authors-new-book/,https://billgeorge.epicenter1.com/article/bill-george-authors-new-book
https://www.billgeorge.org/articles/open-debate/,https://billgeorge.epicenter1.com/article/open-debate
https://www.billgeorge.org/articles/northern-exposure/,https://billgeorge.epicenter1.com/article/northern-exposure
https://www.billgeorge.org/articles/authentic-leadership-bill-george-on-finding-your-internal-leadership-compass/,https://billgeorge.epicenter1.com/article/authentic-leadership-bill-george-on-finding-your-internal-leadership-compass
https://www.billgeorge.org/articles/bill-georges-authentic-leadership-passion-comes-from-peoples-life-stories/,https://billgeorge.epicenter1.com/article/bill-georges-authentic-leadership-passion-comes-from-peoples-life-stories
https://www.billgeorge.org/articles/true-north-discover-your-authentic-leadership/,https://billgeorge.epicenter1.com/article/true-north-discover-your-authentic-leadership
https://www.billgeorge.org/articles/what-is-your-true-north/,https://billgeorge.epicenter1.com/article/what-is-your-true-north
https://www.billgeorge.org/articles/now-interview/,https://billgeorge.epicenter1.com/article/now-interview
https://www.billgeorge.org/articles/what-is-your-true-north1/,https://billgeorge.epicenter1.com/article/what-is-your-true-north
https://www.billgeorge.org/articles/leadership-in-the-21st-century/,https://billgeorge.epicenter1.com/article/leadership-in-the-21st-century
https://www.billgeorge.org/articles/true-leadership-means-following-ones-moral-compass/,https://billgeorge.epicenter1.com/article/true-leadership-means-following-ones-moral-compass
https://www.billgeorge.org/articles/getting-to-the-corner-office/,https://billgeorge.epicenter1.com/article/getting-to-the-corner-office
https://www.billgeorge.org/articles/the-21st-century-leader/,https://billgeorge.epicenter1.com/article/leadership-in-the-21st-century
https://www.billgeorge.org/articles/truly-authentic-leadership/,https://billgeorge.epicenter1.com/article/truly-authentic-leadership
https://www.billgeorge.org/articles/an-education-in-ethics/,https://billgeorge.epicenter1.com/article/an-education-in-ethics
https://www.billgeorge.org/articles/are-boards-more-effective-today-yesbut/,https://billgeorge.epicenter1.com/article/are-boards-more-effective-today-yes-but
https://www.billgeorge.org/articles/america-needs-a-health-care-system/,https://billgeorge.epicenter1.com/article/america-needs-a-health-care-system
https://www.billgeorge.org/articles/becoming-an-authentic-leader/,https://billgeorge.epicenter1.com/article/becoming-an-authentic-leader
https://www.billgeorge.org/articles/good-governance-creates-lasting-value/,https://billgeorge.epicenter1.com/article/good-governance-creates-lasting-value
https://www.billgeorge.org/articles/the-spirituality-of-authentic-leadership/,https://billgeorge.epicenter1.com/article/the-spirituality-of-authentic-leadership
https://www.billgeorge.org/articles/crisis-and-corporate-ethics-where-have-all-the-leaders-gone/,https://billgeorge.epicenter1.com/article/crisis-and-corporate-ethics-where-have-all-the-leaders-gone